{
  "timestamp": "2025-07-01T21:22:43.840225",
  "temperature": 29.8,
  "humidity": 63,
  "current": 0.492538,
  "voltage": 2.586119,
  "power": 1.273762,
  "vibration": 0.94,
  "pressure": 954,
  "viscosity": 49
}