{"temp_accuracy": 0.8982768204558088, "current_accuracy": 0.898485269594219, "humidity_accuracy": 0.8983926255327034, "vibration_accuracy": 0.8990179729479341, "pressure_accuracy": 0.8981610153789142, "viscosity_accuracy": 0.8987863627941449, "power_accuracy": 0.897952566240504, "maintenance_accuracy": 0.9864508060033352, "temp_anomalies": 4318, "temp_maintenance": 0, "current_anomalies": 4318, "current_maintenance": 0, "humidity_anomalies": 4318, "humidity_maintenance": 1, "vibration_anomalies": 4318, "vibration_maintenance": 1, "pressure_anomalies": 4318, "pressure_maintenance": 0, "viscosity_anomalies": 4317, "viscosity_maintenance": 0, "power_anomalies": 4318, "power_maintenance": 0}